Business Name;Address 1;City
DEEN Supermarkten;Molenpad 19;Aalsmeer
DEEN Supermarkten;Raadhuisweg 3;Akersloot
DEEN Supermarkten;Europaboulevard 463-465;Alkmaar
DEEN Supermarkten;Regenboogweg 43;Almere
DEEN Supermarkten;Rembrandtweg 100;Almere
DEEN Supermarkten;Salsastraat 81;Almere
DEEN Supermarkten;Schippergarage 7;Almere
DEEN Supermarkten;Brink 94;Almere
DEEN Supermarkten;Bankrashof 32-41;Amstelveen
DEEN Supermarkten;Rietwijkerstraat 22-24;Amsterdam
DEEN Supermarkten;Niersstraat 16;Amsterdam
DEEN Supermarkten;Rijnstraat 154-1;Amsterdam
DEEN Supermarkten;Lange Vonder 122-124;Amsterdam
DEEN Supermarkten;Doorlaat 1;Anna Paulowna
DEEN Supermarkten;Dorpsstraat 537 A;Assendelft
DEEN Supermarkten;Vijverhof 9;Avenhorn
DEEN Supermarkten;Plein 4;Bergen Nh
DEEN Supermarkten;Westerblokker 115;Blokker
DEEN Supermarkten;De Middend 250-252;Bovenkarspel
DEEN Supermarkten;Zandvaart 100;Breezand
DEEN Supermarkten;Marktplein 107;Broek Op Langedijk
DEEN Supermarkten;Laarderweg 150;Bussum
DEEN Supermarkten;Torenstraat 48;Castricum
DEEN Supermarkten;Diemerplein 14;Diemen
DEEN Supermarkten;De Kajuit 1-9;Dronten
DEEN Supermarkten;Langemeerstraat 2 B;Edam
DEEN Supermarkten;Koperwiekplein 17;Enkhuizen
DEEN Supermarkten;Clarissenplaats 2;Enkhuizen
DEEN Supermarkten;Krommekamp 115;Harderwijk
DEEN Supermarkten;Europassage 21;Heemskerk
DEEN Supermarkten;Maerten Van Heemskerckstraat 1-11;Heemskerk
DEEN Supermarkten;Hortensialaan 1;Heerhugowaard
DEEN Supermarkten;Muiderbos 110;Hoofddorp
DEEN Supermarkten;Raadhuisplein 4;Hoogkarspel
DEEN Supermarkten;Grote Noord 57-59;Hoorn Nh
DEEN Supermarkten;De Huesmolen 2;Hoorn Nh
DEEN Supermarkten;Vredehofstraat 26-28;Hoorn Nh
DEEN Supermarkten;Stan Kentonhof 88;Hoorn Nh
DEEN Supermarkten;Aagje Dekenplein 29;Hoorn Nh
DEEN Supermarkten Afhaalpunt;Protonweg 10;Hoorn Nh
DEEN Supermarkten;Schoolweg 15;Julianadorp
DEEN Supermarkten;Dorpsstraat 70-72;Landsmeer
DEEN Supermarkten;Neringweg 391;Lelystad
DEEN Supermarkten;Boxenring 40 A;Marken
DEEN Supermarkten;Overleek 1;Medemblik
DEEN Supermarkten;Rijperweg 50;Middenbeemster
DEEN Supermarkten;T Spil 37;Monnickendam
DEEN Supermarkten;Graaf Willemlaan 24;Monnickendam
DEEN Supermarkten;Dorpsstraat 522;Noord-Scharwoude
DEEN Supermarkten;Dorpsstraat 119;Obdam
DEEN Supermarkten;Wagenweg 18-20;Purmerend
DEEN Supermarkten;Van Burgplein 5-6;Purmerend
DEEN Supermarkten;John F Kennedyplein 73;Purmerend
DEEN Supermarkten;Van Damplein 13;Purmerend
DEEN Supermarkten;Kerkepad 41;Schagen
DEEN Supermarkten;Duinvoetweg 2-4;Schoorl
DEEN Supermarkten;Wuiver 4-6;Spanbroek
DEEN Supermarkten;Zuidsingel 32 A;Swifterbant
DEEN Supermarkten;Dorpsstraat 38;Tuitjenhorn
DEEN Supermarkten;Anna Van Renesseplein 1;Uitgeest
DEEN Supermarkten;Legmeerplein 18;Uithoorn
DEEN Supermarkten;Burgemeester Van Baarstraat 38-40;Volendam
DEEN Supermarkten;De Stient 4;Volendam
DEEN Supermarkten;Zeestraat 21-1;Volendam
GESLOTEN: DEEN Warmenhuizen;Rietzangerstraat 23;Warmenhuizen
DEEN Supermarkten;Amstellandlaan 32;Weesp
DEEN Supermarkten;Dorpsstraat 14;Wervershoof
DEEN Supermarkten;Terpstraat 21;Wieringerwerf
DEEN Supermarkten;Kerkstraat 15;Wognum
DEEN Supermarkten;Gibraltar 4;Zaandam
DEEN Supermarkten;Ebbehout 29;Zaandam
DEEN Supermarkten;Flevoplein 6;Zeewolde
DEEN Supermarkten;De Clomp 3104;Zeist
DEEN Supermarkten;Voorburggracht 230;Zuid-Scharwoude
DEEN Supermarkten;Dorpsstraat 200;Zwaag
DEEN Supermarkten;Gemma Frisiushof 100;Zwaag
DEEN Supermarkten;Kernweg 4;Hoorn NH
DEEN Supermarkten;Beverhof 3;Beverwijk
DEEN Supermarkten;Mosveld 89;Amsterdam
DEEN Supermarkten;Vuldersbrink 64;Harderwijk
DEEN Supermarkten;Pampuslaan 45;Amsterdam
DEEN Supermarkten;Westwijkplein 90-102;Amstelveen
DEEN Supermarkten;Katwolderplein 1;Zwolle
DEEN Supermarkten;Sportlaan 5;Het Harde
DEEN Supermarkten;Molenzicht 20;Waarland
